Title,Year,IMDb Rating,Runtime,Genre,Director,Actors,Plot
The Shawshank Redemption,1994,9.3,142 min,Drama,Frank Darabont,"Tim Robbins, Morgan Freeman, Bob Gunton","A banker convicted of uxoricide forms a friendship over a quarter century with a hardened convict, while maintaining his innocence and trying to remain hopeful through simple compassion."
The Godfather,1972,9.2,175 min,"Crime, Drama",Francis Ford Coppola,"Marlon Brando, Al Pacino, James Caan",The aging patriarch of an organized crime dynasty transfers control of his clandestine empire to his reluctant son.
The Godfather Part II,1974,9.0,202 min,"Crime, Drama",Francis Ford Coppola,"Al Pacino, Robert De Niro, Robert Duvall","The early life and career of Vito Corleone in 1920s New York City is portrayed, while his son, Michael, expands and tightens his grip on the family crime syndicate."
Schindler's List,1993,9.0,195 min,"Biography, Drama, History",Steven Spielberg,"Liam Neeson, Ralph Fiennes, Ben Kingsley","In German-occupied Poland during World War II, industrialist Oskar Schindler gradually becomes concerned for his Jewish workforce after witnessing their persecution by the Nazis."
12 Angry Men,1957,9.0,96 min,"Crime, Drama",Sidney Lumet,"Henry Fonda, Lee J. Cobb, Martin Balsam",The jury in a New York City murder trial is frustrated by a single member whose skeptical caution forces them to more carefully consider the evidence before jumping to a hasty verdict.
Spirited Away,2001,8.6,124 min,"Animation, Adventure, Family",Hayao Miyazaki,"Daveigh Chase, Suzanne Pleshette, Miyu Irino","During her family's move to the suburbs, a sullen 10-year-old girl wanders into a world ruled by gods, witches and spirits, and where humans are changed into beasts."
The Dark Knight,2008,9.0,152 min,"Action, Crime, Drama",Christopher Nolan,"Christian Bale, Heath Ledger, Aaron Eckhart","When a menace known as the Joker wreaks havoc and chaos on the people of Gotham, Batman, James Gordon and Harvey Dent must work together to put an end to the madness."
Dilwale Dulhania Le Jayenge,1995,8.0,181 min,"Drama, Romance",Aditya Chopra,"Shah Rukh Khan, Kajol, Amrish Puri","When Raj meets Simran in Europe, it isn't love at first sight but when Simran moves to India for an arranged marriage, love makes its presence felt."
The Green Mile,1999,8.6,189 min,"Crime, Drama, Fantasy",Frank Darabont,"Tom Hanks, Michael Clarke Duncan, David Morse",A death row guard learns that a gentle giant in his charge possesses a mysterious gift.
Parasite,2019,8.5,132 min,"Drama, Thriller",Bong Joon Ho,"Song Kang-ho, Lee Sun-kyun, Cho Yeo-jeong",Greed and class discrimination threaten the newly formed symbiotic relationship between the wealthy Park family and the destitute Kim clan.
Pulp Fiction,1994,8.8,154 min,"Crime, Drama",Quentin Tarantino,"John Travolta, Uma Thurman, Samuel L. Jackson","The lives of two mob hitmen, a boxer, a gangster and his wife, and a pair of diner bandits intertwine in four tales of violence and redemption."
The Lord of the Rings: The Return of the King,2003,9.0,201 min,"Adventure, Drama, Fantasy",Peter Jackson,"Elijah Wood, Viggo Mortensen, Ian McKellen",Gandalf and Aragorn lead the World of Men against Sauron's army to draw his gaze from Frodo and Sam as they approach Mount Doom with the One Ring.
Your Name.,2016,8.4,106 min,"Animation, Drama, Fantasy",Makoto Shinkai,"Ryûnosuke Kamiki, Mone Kamishiraishi, Ryo Narita","Two teenagers share a profound, magical connection upon discovering they are swapping bodies. Things manage to become even more complicated when the boy and girl decide to meet in person."
Forrest Gump,1994,8.8,142 min,"Drama, Romance",Robert Zemeckis,"Tom Hanks, Robin Wright, Gary Sinise","The history of the United States from the 1950s to the '70s unfolds from the perspective of an Alabama man with an IQ of 75, who yearns to be reunited with his childhood sweetheart."
"The Good, the Bad and the Ugly",1966,8.8,178 min,"Adventure, Drama, Western",Sergio Leone,"Clint Eastwood, Eli Wallach, Lee Van Cleef",A bounty-hunting scam joins two men in an uneasy alliance against a third in a race to find a fortune in gold buried in a remote cemetery.
Interstellar,2014,8.7,169 min,"Adventure, Drama, Sci-Fi",Christopher Nolan,"Matthew McConaughey, Anne Hathaway, Jessica Chastain","When Earth becomes uninhabitable in the future, a farmer and ex-NASA pilot, Joseph Cooper, is tasked to pilot a spacecraft, along with a team of researchers, to find a new planet for humans."
Seven Samurai,1954,8.6,207 min,"Action, Drama",Akira Kurosawa,"Toshirô Mifune, Takashi Shimura, Keiko Tsushima","Farmers from a village exploited by bandits hire a veteran samurai for protection, and he gathers six other samurai to join him."
Goodfellas,1990,8.7,145 min,"Biography, Crime, Drama",Martin Scorsese,"Robert De Niro, Ray Liotta, Joe Pesci","The story of Henry Hill and his life in the mafia, covering his relationship with his wife Karen and his mob partners Jimmy Conway and Tommy DeVito."
Grave of the Fireflies,1988,8.5,88 min,"Animation, Drama, War",Isao Takahata,"Tsutomu Tatsumi, Ayano Shiraishi, Akemi Yamaguchi",A young boy and his little sister struggle to survive in Japan during World War II.
Life Is Beautiful,1997,8.6,116 min,"Comedy, Drama, Romance",Roberto Benigni,"Roberto Benigni, Nicoletta Braschi, Giorgio Cantarini","When an open-minded Jewish waiter and his son become victims of the Holocaust, he uses a perfect mixture of will, humor and imagination to protect his son from the dangers around their camp."
Fight Club,1999,8.8,139 min,"Crime, Drama, Thriller",David Fincher,"Brad Pitt, Edward Norton, Meat Loaf",An insomniac office worker and a devil-may-care soap maker form an underground fight club that evolves into much more.
Cinema Paradiso,1988,8.5,174 min,"Drama, Romance",Giuseppe Tornatore,"Philippe Noiret, Enzo Cannavale, Antonella Attili","Salvatore, a famous film director, returns to his hometown for the funeral of the local theater's film projectionist, Alfredo. He reminisces about his life as a young boy falling in love with cinema."
A Dog's Will,2000,8.6,104 min,"Comedy, Drama, Fantasy",Guel Arraes,"Matheus Nachtergaele, Selton Mello, Rogério Cardoso",Follows the lives of 2 poor Brazilians and their schemes to get money and the consequences of their actions.
City of God,2002,8.6,130 min,"Crime, Drama","Fernando Meirelles, Kátia Lund","Alexandre Rodrigues, Leandro Firmino, Matheus Nachtergaele","In the slums of Rio, two kids' paths diverge as one struggles to become a photographer and the other a kingpin."
Cosas imposibles,2021,7.7,89 min,Drama,Ernesto Contreras,"Nora Velázquez, Benny Emmanuel, Salvador Garcini",A widow who is tormented by the memory of her abusive husband befriends a young man.
Psycho,1960,8.5,109 min,"Drama, Horror, Mystery",Alfred Hitchcock,"Anthony Perkins, Janet Leigh, Vera Miles",A secretary on the run for embezzlement takes refuge at a secluded California motel owned by a repressed man and his overbearing mother.
The Lord of the Rings: The Fellowship of the Ring,2001,8.9,178 min,"Adventure, Drama, Fantasy",Peter Jackson,"Elijah Wood, Ian McKellen, Orlando Bloom",A meek Hobbit from the Shire and eight companions set out on a journey to destroy the powerful One Ring and save Middle-earth from the Dark Lord Sauron.
Harakiri,1962,8.6,133 min,"Drama, Mystery",Masaki Kobayashi,"Tatsuya Nakadai, Akira Ishihama, Shima Iwashita","When a ronin requesting seppuku at a feudal lord's palace is told of the brutal suicide of another ronin who previously visited, he reveals how their pasts are intertwined - and in doing so challenges the clan's integrity."
One Flew Over the Cuckoo's Nest,1975,8.7,133 min,Drama,Milos Forman,"Jack Nicholson, Louise Fletcher, Michael Berryman",A newly admitted mental patient helps his docile companions defy the tyrannical head nurse.
Gabriel's Inferno: Part One,2020,5.8,124 min,Romance,Tosca Musk,"Melanie Zanetti, Giulio Berruti, James Andrew Fraser","An intriguing exploration of seduction, forbidden love, and redemption, a captivating and passionate tale of one man's escape from his own personal hell as he tries to earn the impossible: forgiveness and love."
Once Upon a Time in America,1984,8.3,229 min,"Crime, Drama",Sergio Leone,"Robert De Niro, James Woods, Elizabeth McGovern","A former Prohibition-era Jewish gangster returns to the Lower East Side of Manhattan 35 years later, where he must once again confront the ghosts and regrets of his old life."
The Lord of the Rings: The Two Towers,2002,8.8,179 min,"Adventure, Drama, Fantasy",Peter Jackson,"Elijah Wood, Ian McKellen, Viggo Mortensen","While Frodo and Sam edge closer to Mordor with the help of the shifty Gollum, the divided fellowship makes a stand against Sauron's new ally, Saruman, and his hordes of Isengard."
Spider-Man: Into the Spider-Verse,2018,8.4,117 min,"Animation, Action, Adventure","Bob Persichetti, Peter Ramsey, Rodney Rothman","Shameik Moore, Jake Johnson, Hailee Steinfeld",Teen Miles Morales becomes the Spider-Man of his universe and must join with five spider-powered individuals from other dimensions to stop a threat for all realities.
Howl's Moving Castle,2004,8.2,119 min,"Animation, Adventure, Family",Hayao Miyazaki,"Chieko Baishô, Takuya Kimura, Tatsuya Gashûin","When an unconfident young woman is cursed with an old body by a spiteful witch, her only chance of breaking the spell lies with a self-indulgent yet insecure young wizard and his companions in his legged, walking castle."
Star Wars: Episode V - The Empire Strikes Back,1980,8.7,124 min,"Action, Adventure, Fantasy",Irvin Kershner,"Mark Hamill, Harrison Ford, Carrie Fisher","After the Empire overpowers the Rebel Alliance, Luke Skywalker begins training with Jedi Master Yoda, while Darth Vader and bounty hunter Boba Fett pursue his friends across the galaxy."
Hope,2013,8.2,122 min,Drama,Lee Joon-ik,"Lee Re, Sul Kyung-gu, Uhm Ji-won","Story of an 8-year-old girl who faces a horrible rape that damages her internally and affects her emotionally, trying to overcome all the obstacles following the incident with the good support of those around her."
A Silent Voice: The Movie,2016,8.1,130 min,"Animation, Drama",Naoko Yamada,"Miyu Irino, Saori Hayami, Aoi Yûki","A deaf girl, Shoko, is bullied by the popular Shoya. As Shoya continues to bully Shoko, the class turns its back on him. Shoko transfers and Shoya grows up as an outcast. Alone and depressed, the regretful Shoya finds Shoko to mak..."
Gabriel's Inferno: Part Two,2020,6.4,106 min,Romance,Tosca Musk,"Giulio Berruti, James Andrew Fraser, Rhett Wellington",Professor Emerson learns the truth about Julia but his realization comes too late. Julia is done waiting for him to remember her and wants nothing more to do with him. Can Gabriel win back her heart before she finds love in anothe...
The Pianist,2002,8.5,150 min,"Biography, Drama, Music",Roman Polanski,"Adrien Brody, Thomas Kretschmann, Frank Finlay","During WWII, acclaimed Polish musician Wladyslaw faces various struggles as he loses contact with his family. As the situation worsens, he hides in the ruins of Warsaw in order to survive."
Whiplash,2014,8.5,106 min,"Drama, Music",Damien Chazelle,"Miles Teller, J.K. Simmons, Melissa Benoist",A promising young drummer enrolls at a cut-throat music conservatory where his dreams of greatness are mentored by an instructor who will stop at nothing to realize a student's potential.
Gabriel's Inferno: Part Three,2020,6.5,102 min,Romance,Tosca Musk,"Melanie Zanetti, Giulio Berruti, Rhett Wellington","Someone dark returns from Julia's past with bad intentions. Gabriel has secrets he needs to share, but worries that he'll lose everything if he does. Will their relationship weather the test of secrets revealed?"
Se7en,1995,8.6,127 min,"Crime, Drama, Mystery",David Fincher,"Morgan Freeman, Brad Pitt, Kevin Spacey","Two detectives, a rookie and a veteran, hunt a serial killer who uses the seven deadly sins as his motives."
Inception,2010,8.8,148 min,"Action, Adventure, Sci-Fi",Christopher Nolan,"Leonardo DiCaprio, Joseph Gordon-Levitt, Elliot Page","A thief who steals corporate secrets through the use of dream-sharing technology is given the inverse task of planting an idea into the mind of a C.E.O., but his tragic past may doom the project and his team to disaster."
Primal: Tales of Savagery,2019,8.4,85 min,"Animation, Action, Adventure",Genndy Tartakovsky,"Tom Kenny, Aaron LaPlante, Jon Olson","GENNDY TARTAKOVSKY'S PRIMAL - TALES OF SAVAGERY features a caveman and a dinosaur on the brink of extinction. Bonded by tragedy, this unlikely friendship becomes the only hope of survival."
Radical,2023,7.8,125 min,Drama,Christopher Zalla,"Eugenio Derbez, Daniel Haddad, Jennifer Trejo","A teacher in a Mexican border town full of neglect, corruption, and violence, tries a radical new method to unlock their students' curiosity, potential - and maybe even their genius."
Lucy Shimmers and the Prince of Peace,2020,7.1,87 min,"Drama, Family",Rob Diamond,"Scarlett Diamond, Vincent Vargas, Adam Hightower",Second chances start when a hardened criminal crosses paths with a precocious little girl who is helped by an angel to change hearts during the holiday season.
Rear Window,1954,8.5,112 min,"Drama, Mystery, Thriller",Alfred Hitchcock,"James Stewart, Grace Kelly, Wendell Corey",A bored photographer recovering from a broken leg passes the time by watching his neighbors and begins to suspect one of them of murder.
High and Low,1963,8.4,143 min,"Crime, Drama, Mystery",Akira Kurosawa,"Toshirô Mifune, Yutaka Sada, Tatsuya Nakadai",An executive of a Yokohama shoe company becomes a victim of extortion when his chauffeur's son is kidnapped by mistake and held for ransom.
The Silence of the Lambs,1991,8.6,118 min,"Crime, Drama, Horror",Jonathan Demme,"Jodie Foster, Anthony Hopkins, Scott Glenn","A young F.B.I. cadet must receive the help of an incarcerated and manipulative cannibal killer to help catch another serial killer, a madman who skins his victims."
Spider-Man: Across the Spider-Verse,2023,8.5,140 min,"Animation, Action, Adventure","Joaquim Dos Santos, Kemp Powers, Justin K. Thompson","Shameik Moore, Hailee Steinfeld, Brian Tyree Henry","Traveling across the multiverse, Miles Morales meets a new team of Spider-People, made up of heroes from different dimensions. But when the heroes clash over how to deal with a new threat, Miles finds himself at a crossroads."
Dou Kyu Sei: Classmates,2016,7.7,60 min,"Animation, Drama, Music",Shôko Nakamura,"Kotomi Aihara, Haruki Aikawa, Iori Ashihara","A relationship between two high school second years, Licht Sajo, who is an honor student, and Hikaru Kusakabe, who plays in a rock band."
The Legend of Hei,2019,7.3,101 min,"Animation, Action, Adventure",Mtjj,"Xin Shan, Yuntu Cao, Khoi Dao","When his forest is destroyed, the wood sprite Xiaohei takes the form of a cat and goes to live in the city, where the hybrid Fengxi (Stormend) befriends him. However, there are enemies on their trail."
American History X,1998,8.5,119 min,"Crime, Drama",Tony Kaye,"Edward Norton, Edward Furlong, Beverly D'Angelo","Living a life marked by violence, neo-Nazi Derek finally goes to prison after killing two black youths. Upon his release, Derek vows to change; he hopes to prevent his brother, Danny, who idolizes Derek, from following in his foot..."
Princess Mononoke,1997,8.3,133 min,"Animation, Adventure, Fantasy",Hayao Miyazaki,"Yôji Matsuda, Yuriko Ishida, Yûko Tanaka","While seeking to cure himself of a curse, young warrior Ashitaka stumbles into a conflict between the people of Iron Town and Princess Mononoke, a girl raised by wolves, who will stop at nothing to prevent the destruction of her h..."
Contraataque,2025,6.0,84 min,"Action, Thriller",Chava Cartas,"Luis Alberti, Noé Hernández, Leonardo Alonso","Five friends shopping at US/Mexico border face sicario hitmen, but the targets are actually Murciélagos."
The Quintessential Quintuplets Movie,2022,7.3,136 min,"Animation, Comedy, Drama",Masato Jinbô,"Yoshitsugu Matsuoka, Kana Hanazawa, Ayana Taketatsu","Teenage Tutor Fuutaro Uesugi has to finally choose between the 5 Nakano Sisters, who all have feelings for him, at the School's Upcoming Cultural Festival; the event that will lead to his Wedding to one of them in a Flash-Forward."
Back to the Future,1985,8.5,116 min,"Adventure, Comedy, Sci-Fi",Robert Zemeckis,"Michael J. Fox, Christopher Lloyd, Lea Thompson","Marty McFly, a 17-year-old high school student, is accidentally sent 30 years into the past in a time-traveling DeLorean invented by his close friend, the maverick scientist Doc Brown."
The Wild Robot,2024,8.2,102 min,"Animation, Sci-Fi",Chris Sanders,"Lupita Nyong'o, Pedro Pascal, Kit Connor","After a shipwreck, an intelligent robot called Roz is stranded on an uninhabited island. To survive the harsh environment, Roz bonds with the island's animals and cares for an orphaned baby goose."
A Brighter Summer Day,1991,8.2,237 min,"Crime, Drama, Romance",Edward Yang,"Chang Chen, Lisa Yang, Kuo-Chu Chang","Based on a true story, primarily on a conflict between two youth gangs, a 14-year-old boy's girlfriend conflicts with the head of one gang for an unclear reason, until finally the conflict comes to a violent climax."
Ikiru,1952,8.3,143 min,Drama,Akira Kurosawa,"Takashi Shimura, Nobuo Kaneko, Shin'ichi Himori",A bureaucrat tries to find meaning in his life after he discovers he has terminal cancer.
"Josee, the Tiger and the Fish",2020,7.6,99 min,"Animation, Drama, Romance",Kôtarô Tamura,"Kaya Kiyohara, Taishi Nakagawa, Matsutera Chiemi","After befriending a marine biology student, a sarcastic artist living with paraplegia begins to experience the world beyond her home."
Dead Poets Society,1989,8.1,128 min,"Comedy, Drama",Peter Weir,"Robin Williams, Robert Sean Leonard, Ethan Hawke","Maverick teacher John Keating returns in 1959 to the prestigious New England boys' boarding school where he was once a star student, using poetry to embolden his pupils to new heights of self-expression."
Léon: The Professional,1994,8.5,110 min,"Action, Crime, Drama",Luc Besson,"Jean Reno, Gary Oldman, Natalie Portman",An Italian hit man protects a New York orphan.
Perfect Blue,1997,8.0,81 min,"Animation, Crime, Drama",Satoshi Kon,"Junko Iwao, Rica Matsumoto, Shinpachi Tsuji","A pop singer gives up her career to become an actress, but she slowly goes insane when she starts being stalked by an obsessed fan and what seems to be a ghost of her past."
The Great Dictator,1940,8.4,125 min,"Comedy, Drama, War",Charles Chaplin,"Charles Chaplin, Paulette Goddard, Jack Oakie",Dictator Adenoid Hynkel tries to expand his empire while a poor Jewish barber tries to avoid persecution from Hynkel's regime.
Sunset Boulevard,1950,8.4,110 min,"Drama, Film-Noir",Billy Wilder,"William Holden, Gloria Swanson, Erich von Stroheim",A screenwriter develops a dangerous relationship with a faded film star determined to make a triumphant return.
Dedicada A Mi Ex,2019,7.1,94 min,Comedy,Jorge Ulloa,"Mariana Treviño, Jorge Enrique Abello, Lorna Cepeda","A band of misfits enter a music video contest in order to win a cash prize, but don't realize they actually have to be good at playing music."
Once Upon a Time in the West,1968,8.5,166 min,"Drama, Western",Sergio Leone,"Henry Fonda, Charles Bronson, Claudia Cardinale",A mysterious stranger with a harmonica joins forces with a notorious desperado to protect a beautiful widow from a ruthless assassin working for the railroad.
We All Loved Each Other So Much,1974,8.0,124 min,"Comedy, Drama",Ettore Scola,"Nino Manfredi, Vittorio Gassman, Stefania Sandrelli","Three partisans bound by a strong friendship return home after the war, but the clash with everyday reality puts a strain on their bond."
Neon Genesis Evangelion: The End of Evangelion,1997,8.1,87 min,"Animation, Action, Drama","Hideaki Anno, Kazuya Tsurumaki","Megumi Ogata, Megumi Hayashibara, Yûko Miyamura",Concurrent theatrical ending of the TV series Neon Genesis Evangelion (1995).
Once Upon a Studio,2023,8.3,9 min,"Animation, Short, Comedy","Dan Abraham, Trent Correy","Scott Adsit, Stan Alexander, Stephen J. Anderson","An all-star ensemble of beloved characters from Walt Disney Animation Studios come together for a joyful, entertaining and emotional reunion as they assemble for a spectacular group photo to mark Disney's 100th anniversary."
Modern Times,1936,8.5,87 min,"Comedy, Drama, Romance",Charles Chaplin,"Charles Chaplin, Paulette Goddard, Henry Bergman",The Tramp struggles to live in modern industrial society with the help of a young homeless woman.
It's a Wonderful Life,1946,8.6,130 min,"Drama, Family, Fantasy",Frank Capra,"James Stewart, Donna Reed, Lionel Barrymore",An angel is sent from Heaven to help a desperately frustrated businessman by showing him what life would have been like if he had never existed.
To the Forest of Firefly Lights,2011,7.8,45 min,"Animation, Drama, Fantasy",Takahiro Ômori,"Kôki Uchiyama, Ayane Sakura, Shinpachi Tsuji","Hotaru is rescued by a spirit when she gets lost in a forest as a child. The two become friends, despite the spirit revealing that he will disappear if he is ever touched by a human."
Given,2020,7.7,59 min,"Animation, Drama, Music",Hikaru Yamaguchi,"Kotaro Asanuma, Shintarô Asanuma, Takuya Eguchi","The film centers on the love relationship among the Given music band's bassist Haruki Nakayama, drummer Akihiko Kaji, and Akihiko's roommate and ex-boyfriend Ugetsu Murata."
Violet Evergarden: The Movie,2020,8.3,140 min,"Animation, Drama, Fantasy",Taichi Ishidate,"Yui Ishikawa, Daisuke Namikawa, Takehito Koyasu","After the aftermath of a war, a young girl who was used as a 'tool' for war learned to live. With the scars of burns, she goes back to her past to feel the true feelings of the Major's, ""I love you."""
The Intouchables,2011,8.5,112 min,"Comedy, Drama","Olivier Nakache, Éric Toledano","François Cluzet, Omar Sy, Anne Le Ny","After he becomes a quadriplegic from a paragliding accident, an aristocrat hires a young man from the projects to be his caregiver."
Apocalypse Now,1979,8.4,147 min,"Drama, Mystery, War",Francis Ford Coppola,"Martin Sheen, Marlon Brando, Robert Duvall",A U.S. Army officer serving in Vietnam is tasked with assassinating a renegade Special Forces Colonel who sees himself as a god.
City Lights,1931,8.5,87 min,"Comedy, Drama, Romance",Charles Chaplin,"Charles Chaplin, Virginia Cherrill, Florence Lee","With the aid of a wealthy erratic tippler, a dewy-eyed tramp who has fallen in love with a sightless flower girl accumulates money to be able to help her medically."
Miracle in Cell No. 7,2019,8.2,132 min,Drama,Mehmet Ada Öztekin,"Aras Bulut Iynemli, Nisa Sofiya Aksongur, Deniz Baysal",A story of love between a mentally-ill father who was wrongly accused of murder and his lovely six year old daughter. Prison will be their home. Based on the 2013 Korean movie Miracle in Cell No. 7 (2013).
The Lion King,1994,8.5,88 min,"Animation, Adventure, Drama","Roger Allers, Rob Minkoff","Matthew Broderick, Jeremy Irons, James Earl Jones","Lion prince Simba and his father are targeted by his bitter uncle, who wants to ascend the throne himself."
Paths of Glory,1957,8.4,88 min,"Drama, War",Stanley Kubrick,"Kirk Douglas, Ralph Meeker, Adolphe Menjou",A colonel defends three of his soldiers in a court-martial after they abandon a suicidal attack.
The Legend of 1900,1998,8.0,169 min,"Drama, Music, Romance",Giuseppe Tornatore,"Tim Roth, Pruitt Taylor Vince, Mélanie Thierry","A baby boy discovered on an ocean liner in 1900 grows into a musical prodigy, never setting foot on land."
Oldboy,2003,8.3,120 min,"Action, Drama, Mystery",Park Chan-wook,"Choi Min-sik, Yoo Ji-tae, Kang Hye-jeong","After being kidnapped and imprisoned for fifteen years, Oh Dae-Su is released, only to find that he must track down his captor in five days."
Clouds,2020,7.5,121 min,"Biography, Drama, Music",Justin Baldoni,"Fin Argus, Neve Campbell, Sabrina Carpenter","Based on real events, a young musician discovers his cancer has spread, leaving him just a few months to live. With limited time, he follows his dream and makes an album, unaware that it will soon be a viral music phenomenon."
The Hole,1960,8.5,131 min,"Crime, Drama, Thriller",Jacques Becker,"André Bervil, Jean Keraudy, Michel Constantin",Distrust and uncertainty arise when four long-term inmates cautiously induct a new prisoner into their elaborate prison-break scheme.
Como Caído Del Cielo,2019,6.5,112 min,"Comedy, Drama, Musical",José Pepe Bojórquez,"Omar Chaparro, Ana Claudia Talancón, Stephanie Cayo",Mexican legend Pedro Infante receives another opportunity on earth to redeem himself for his forays with women and earn heaven in the body of an imitator.
Seishun Buta Yarou wa Yumemiru Shoujo no Yume wo Minai,2019,9.0,N/A,"Animation, Drama, Fantasy",N/A,"Reyhan Rahmana Nugroho, Adryos Prewandha, Fozilbek Shimsiev",Seishun Buta Yarou wa Yumemiru Shoujo no Yume wo Minai adapts volumes 6 and 7 of Hajime Kamoshida's Seishun Buta Series light novels.
I Want to Eat Your Pancreas,2018,8.1,109 min,"Animation, Drama, Family","Jun'ichi Fujise, Tomoyuki Itamura, Masaharu Tomoda","Mahiro Takasugi, Lynn, Yukiyo Fujii","A high school student discovers one of his classmates, Sakura Yamauchi, is suffering from a terminal illness. This secret brings the two together, as she lives out her final moments."
Avengers: Endgame,2019,8.4,181 min,"Action, Adventure, Sci-Fi","Anthony Russo, Joe Russo","Robert Downey Jr., Chris Evans, Mark Ruffalo","After the devastating events of Avengers: Infinity War (2018), the universe is in ruins. With the help of remaining allies, the Avengers assemble once more in order to reverse Thanos' actions and restore balance to the universe."
Life in a Year,2020,6.2,107 min,"Drama, Romance",Mitja Okorn,"Jaden Smith, Cara Delevingne, Cuba Gooding Jr.",The movie follows 17-year-old Daryn who finds out that his girlfriend is dying. He sets out to give her an entire life in the last year she has left.
Five Feet Apart,2019,7.2,116 min,"Drama, Romance",Justin Baldoni,"Haley Lu Richardson, Cole Sprouse, Moises Arias","Stella spends most of her time in the hospital as a cystic fibrosis patient. Her life is full of routines, boundaries and self-control -- all of which get put to the test when she meets Will, a charming boy who has the same illness."
Klaus,2019,8.2,96 min,"Animation, Adventure, Comedy","Sergio Pablos, Carlos Martínez López","Jason Schwartzman, J.K. Simmons, Rashida Jones","A simple act of kindness always sparks another, even in a frozen, faraway place. When Smeerensburg's new postman, Jesper, befriends toymaker Klaus, their gifts melt an age-old feud and deliver a sleigh full of holiday traditions."
Avengers: Infinity War,2018,8.4,149 min,"Action, Adventure, Sci-Fi","Anthony Russo, Joe Russo","Robert Downey Jr., Chris Hemsworth, Mark Ruffalo",The Avengers and their allies must be willing to sacrifice all in an attempt to defeat the powerful Thanos before his blitz of devastation and ruin puts an end to the universe.
Come and See,1985,8.3,142 min,"Drama, Thriller, War",Elem Klimov,"Aleksey Kravchenko, Olga Mironova, Liubomiras Laucevicius","After finding an old rifle, a young boy joins the Soviet resistance movement against ruthless German forces and experiences the horrors of World War II."
Taylor Swift: Reputation Stadium Tour,2018,8.4,125 min,"Music, Musical",Paul Dugdale,"Taylor Swift, David Cook, Amos Heller",Taylor Swift takes the stage and proves she doesn't care about her bad reputation.
Green Book,2018,8.2,130 min,"Biography, Comedy, Drama",Peter Farrelly,"Viggo Mortensen, Mahershala Ali, Linda Cardellini",A working-class Italian-American bouncer becomes the driver for an African-American classical pianist on a tour of venues through the 1960s American South.
Mommy,2014,8.0,139 min,Drama,Xavier Dolan,"Anne Dorval, Antoine Olivier Pilon, Suzanne Clément","A widowed single mother, raising her violent son alone, finds new hope when a mysterious neighbor inserts herself into their household."
"The Boy, the Mole, the Fox and the Horse",2022,7.8,32 min,"Animation, Short, Adventure","Peter Baynton, Charlie Mackesy","Jude Coward Nicoll, Tom Hollander, Idris Elba","Follows a boy, a mole, a fox and a horse, as they create an unexpected friendship and travel together in the boy's search for home."
The Matrix,1999,8.7,136 min,"Action, Sci-Fi","Lana Wachowski, Lilly Wachowski","Keanu Reeves, Laurence Fishburne, Carrie-Anne Moss","When a beautiful stranger leads computer hacker Neo to a forbidding underworld, he discovers the shocking truth--the life he knows is the elaborate deception of an evil cyber-intelligence."
Evangelion: 3.0+1.01 Thrice Upon a Time,2021,8.0,155 min,"Animation, Action, Drama","Mahiro Maeda, Katsuichi Nakayama, Kazuya Tsurumaki","Megumi Ogata, Megumi Hayashibara, Yûko Miyamura","Misato and her anti-NERV group WILLE arrive in Paris, a city now red from core-ization. Crew from the flagship Wunder land on a containment tower."
The Easy Life,1962,8.2,108 min,"Comedy, Drama",Dino Risi,"Vittorio Gassman, Catherine Spaak, Jean-Louis Trintignant",An impulsive braggart takes a shy law student with him for a two-day road trip from Rome to Tuscany.
Justice League Dark: Apokolips War,2020,7.8,90 min,"Animation, Action, Sci-Fi","Matt Peters, Christina Sotta","Roger Cross, Rosario Dawson, Christopher Gorham, Camilla Luddington",A Sequel to Justice League Dark (2017) involving Jack Kirby's New Gods.
Wolf Children,2012,8.1,117 min,"Animation, Drama, Family",Mamoru Hosoda,"Aoi Miyazaki, Takao Osawa, Haru Kuroki","After her werewolf lover unexpectedly dies in an accident while hunting for food for their children, a young woman must find ways to raise the werewolf son and daughter that she had with him while keeping their trait hidden from s..."
Gladiator,2000,8.5,155 min,"Action, Adventure, Drama",Ridley Scott,"Russell Crowe, Joaquin Phoenix, Connie Nielsen",A former Roman General sets out to exact vengeance against the corrupt emperor who murdered his family and sent him into slavery.
Saving Private Ryan,1998,8.6,169 min,"Drama, War",Steven Spielberg,"Tom Hanks, Matt Damon, Tom Sizemore","Following the Normandy Landings, a group of U.S. soldiers go behind enemy lines to retrieve a paratrooper whose brothers have been killed in action."
Wolfwalkers,2020,8.0,103 min,"Animation, Action, Adventure","Tomm Moore, Ross Stewart","Honor Kneafsey, Eva Whittaker, Sean Bean",A young apprentice hunter and her father journey to Ireland to help wipe out the last wolf pack. But everything changes when she befriends a free-spirited girl from a mysterious tribe rumored to transform into wolves by night.
Witness for the Prosecution,1957,8.4,116 min,"Crime, Drama, Mystery",Billy Wilder,"Tyrone Power, Marlene Dietrich, Charles Laughton",A veteran British barrister must defend his client in a murder trial that has surprise after surprise.
Puss in Boots: The Last Wish,2022,7.8,102 min,"Animation, Action, Adventure","Joel Crawford, Januel Mercado","Antonio Banderas, Salma Hayek, Harvey Guillén","When Puss in Boots discovers that his passion for adventure has taken its toll and he has burned through eight of his nine lives, he launches an epic journey to restore them by finding the mythical Last Wish."
Inglourious Basterds,2009,8.4,153 min,"Adventure, Drama, War",Quentin Tarantino,"Brad Pitt, Diane Kruger, Eli Roth","In Nazi-occupied France during World War II, a plan to assassinate Nazi leaders by a group of Jewish U.S. soldiers coincides with a theatre owner's vengeful plans for the same."
The Shining,1980,8.4,146 min,"Drama, Horror",Stanley Kubrick,"Jack Nicholson, Shelley Duvall, Danny Lloyd","A family heads to an isolated hotel for the winter, where a sinister presence influences the father into violence. At the same time, his psychic son sees horrifying forebodings from both the past and the future."
Taylor Swift: The Eras Tour,2023,8.0,169 min,"Documentary, Music, Musical",Sam Wrench,"Taylor Swift, Mike Meadows, Max Bernstein","Experience the Eras Tour concert, performed by the one and only Taylor Swift."
Demon Slayer: Kimetsu no Yaiba - The Movie: Mugen Train,2020,8.2,117 min,"Animation, Action, Adventure",Haruo Sotozaki,"Natsuki Hanae, Akari Kitô, Yoshitsugu Matsuoka","After his family was brutally murdered and his sister turned into a demon, Tanjiro Kamado's journey as a demon slayer began. Tanjiro and his comrades embark on a new mission aboard the Mugen Train, on track to despair."
Woman in the Dunes,1964,8.5,147 min,"Drama, Thriller",Hiroshi Teshigahara,"Eiji Okada, Kyôko Kishida, Kôji Mitsui",An entomologist on vacation is trapped by local villagers into living with a woman whose life task is shoveling sand for them.
The Help,2011,8.1,146 min,Drama,Tate Taylor,"Viola Davis, Emma Stone, Octavia Spencer","An aspiring author during the civil rights movement of the 1960s decides to write a book detailing the African American maids' point of view on the white families for which they work, and the hardships they go through on a daily b..."
Coco,2017,8.4,105 min,"Animation, Adventure, Drama","Lee Unkrich, Adrian Molina","Anthony Gonzalez, Gael García Bernal, Benjamin Bratt","Aspiring musician Miguel, confronted with his family's ancestral ban on music, enters the Land of the Dead to find his great-great-grandfather, a legendary singer."
The Handmaiden,2016,8.1,145 min,"Drama, Romance, Thriller",Park Chan-wook,"Kim Min-hee, Ha Jung-woo, Cho Jin-woong","In 1930s Korea, a girl is hired as a handmaiden to a Japanese heiress who lives a secluded life on a countryside estate. But the maid has a secret: She is a pickpocket recruited by a swindler to help seduce the Lady and steal her ..."
Star Wars: Episode IV - A New Hope,1977,8.6,121 min,"Action, Adventure, Fantasy",George Lucas,"Mark Hamill, Harrison Ford, Carrie Fisher","Luke Skywalker joins forces with a Jedi Knight, a cocky pilot, a Wookiee and two droids to save the galaxy from the Empire's world-destroying battle station, while also attempting to rescue Princess Leia from the mysterious Darth ..."
The Prestige,2006,8.5,130 min,"Drama, Mystery, Sci-Fi",Christopher Nolan,"Christian Bale, Hugh Jackman, Scarlett Johansson",Rival 19th-century magicians engage in a bitter battle for trade secrets.
The Art of Racing in the Rain,2019,7.6,109 min,"Comedy, Drama, Romance",Simon Curtis,"Kevin Costner, Milo Ventimiglia, Jackie Minns","Through his bond with his owner, aspiring Formula One race car driver Denny, golden retriever Enzo learns that the techniques needed on the racetrack can also be used to successfully navigate the journey of life."
Michael Jackson: Thriller,1983,8.7,13 min,"Short, Horror, Music",John Landis,"Michael Jackson, Ola Ray","A night at the movies turns into a nightmare when Michael and his date are attacked by a hoard of bloodthirsty zombies - only a ""Thriller"" can save them now."
Shutter Island,2010,8.2,138 min,"Drama, Mystery, Thriller",Martin Scorsese,"Leonardo DiCaprio, Emily Mortimer, Mark Ruffalo",Two US marshals are sent to a mental institution on an inhospitable island in order to investigate the disappearance of a patient.
The Apartment,1960,8.3,125 min,"Comedy, Drama, Romance",Billy Wilder,"Jack Lemmon, Shirley MacLaine, Fred MacMurray","A Manhattan insurance clerk tries to rise in his company by letting its executives use his apartment for trysts, but office politics and his own romantic hopes complicate matters."
My Mom is a Character 3,2019,7.1,111 min,Comedy,Susana Garcia,"Paulo Gustavo, Mariana Xavier, Rodrigo Pandolfo",Dona Hermínia now has to deal with her gay son getting married and her daughter being pregnant.
The Day of the Doctor,2013,9.3,77 min,"Adventure, Drama, Sci-Fi",Nick Hurran,"Matt Smith, David Tennant, John Hurt","In 2013, something terrible is awakening in London's National Gallery; in 1562, a murderous plot is afoot in Elizabethan England; and somewhere in space an ancient battle reaches its devastating conclusion."
Hacksaw Ridge,2016,8.1,139 min,"Biography, Drama, History",Mel Gibson,"Andrew Garfield, Sam Worthington, Luke Bracey","World War II American Army Medic Desmond T. Doss, serving during the Battle of Okinawa, refuses to kill people and becomes the first man in American history to receive the Medal of Honor without firing a shot."
Ultraman: Rising,2024,6.9,117 min,"Animation, Action, Adventure","Shannon Tindle, John Aoshima","Christopher Sean, Tamlyn Tomita, Rob Fukuzaki","Ken Sato is a superstar baseball player who returns to Japan to become the latest hero to carry the mantle of Ultraman. However, he is compelled to raise a newborn kaiju monster, the offspring of his greatest enemy, as his own child."
A Clockwork Orange,1971,8.2,136 min,"Crime, Sci-Fi",Stanley Kubrick,"Malcolm McDowell, Patrick Magee, Michael Bates",Alex DeLarge and his droogs barbarize a decaying near-future.
Maquia: When the Promised Flower Blooms,2018,7.4,115 min,"Animation, Adventure, Drama","Masakazu Hashimoto, Jong Heo, Tadashi Hiramatsu","Manaka Iwami, Miyu Irino, Yôko Hikasa","Maquia, a teenager, belongs to the Iorph community whose members can live for hundreds of years. But her life changes when the Iorph settlement is invaded and she comes across an orphan."
The Seventh Seal,1957,8.1,96 min,"Drama, Fantasy",Ingmar Bergman,"Max von Sydow, Gunnar Björnstrand, Bengt Ekerot","A knight returning to Sweden after the Crusades seeks answers about life, death, and the existence of God as he plays chess against the Grim Reaper during the Black Plague."
Django Unchained,2012,8.5,165 min,"Comedy, Drama, Western",Quentin Tarantino,"Jamie Foxx, Christoph Waltz, Leonardo DiCaprio","With the help of a German bounty-hunter, a freed slave sets out to rescue his wife from a brutal plantation owner in Mississippi."
20th Century Girl,2022,7.4,119 min,"Drama, Romance",Bang Woo-ri,"Kim Yoo-jung, Byeon Woo-seok, Park Jung-woo","In 1999, a teen with a heart of gold begins keeping close tabs on a popular classmate as a favor to her smitten best friend."
Flow,2024,7.9,85 min,"Animation, Adventure, Family",Gints Zilbalodis,N/A,"Cat is a solitary animal, but as its home is devastated by a great flood, he finds refuge on a boat populated by various species, and will have to team up with them despite their differences."
Memento,2000,8.4,113 min,"Mystery, Thriller",Christopher Nolan,"Guy Pearce, Carrie-Anne Moss, Joe Pantoliano",A former insurance investigator who now suffers from anterograde amnesia uses notes and tattoos to hunt down his wife's murderer.
Black Clover: Sword of the Wizard King,2023,7.4,110 min,"Animation, Action, Adventure",Ayataka Tanemura,"Bryn Apprill, Tia Lynn Ballard, Steve Blum","In a world where magic is everything, Asta, a boy who was born with no magic, aims to become the ""Wizard King"" to overcome adversity, prove his power, and keep his oath with his friends."
Top Gun: Maverick,2022,8.2,130 min,"Action, Drama",Joseph Kosinski,"Tom Cruise, Jennifer Connelly, Miles Teller","The story involves Maverick confronting his past while training a group of younger Top Gun graduates, including the son of his deceased best friend, for a dangerous mission."
Investigation of a Citizen Above Suspicion,1970,8.0,115 min,"Crime, Drama",Elio Petri,"Gian Maria Volontè, Florinda Bolkan, Gianni Santuccio",A high-ranking police inspector murders his mistress and - in a sardonic test to prove that he is above suspicion - deliberately plants clues that indicate his responsibility for the crime.
The Usual Suspects,1995,8.5,106 min,"Crime, Drama, Mystery",Bryan Singer,"Kevin Spacey, Gabriel Byrne, Chazz Palminteri",The sole survivor of a pier shoot-out tells the story of how a notorious criminal influenced the events that began with five criminals meeting in a seemingly random police lineup.
Bicycle Thieves,1948,8.2,89 min,Drama,Vittorio De Sica,"Lamberto Maggiorani, Enzo Staiola, Lianella Carell","In post-war Italy, a working-class man's bicycle is stolen, endangering his efforts to find work. He and his son set out to find it."
Innocent Voices,2004,7.8,120 min,"Drama, Thriller, War",Luis Mandoki,"Carlos Padilla, Leonor Varela, Xuna Primus","A young boy, in an effort to have a normal childhood in 1980's El Salvador, is caught up in a dramatic fight for his life as he desperately tries to avoid the war which is raging all around him."
Tokyo Story,1953,8.1,137 min,Drama,Yasujirô Ozu,"Chishû Ryû, Chieko Higashiyama, Sô Yamamura","An old couple visit their children and grandchildren in the city, but receive little attention."
Steven Universe: The Movie,2019,7.7,82 min,"Animation, Action, Adventure","Rebecca Sugar, Joseph D. Johnston, Kat Morris","Zach Callison, Michaela Dietz, Estelle","Steven thinks his time defending the Earth is over, but when a new threat comes to Beach City, Steven faces his biggest challenge yet."
Alien,1979,8.5,117 min,"Horror, Sci-Fi",Ridley Scott,"Sigourney Weaver, Tom Skerritt, John Hurt","After investigating a mysterious transmission of unknown origin, the crew of a commercial spacecraft encounters a deadly lifeform."
Scarface,1983,8.3,170 min,"Crime, Drama",Brian De Palma,"Al Pacino, Michelle Pfeiffer, Steven Bauer","In the 1980s, a determined criminal-minded Cuban immigrant becomes the biggest drug smuggler in Miami, and is eventually undone by his own drug addiction."
Vertigo,1958,8.3,128 min,"Mystery, Romance, Thriller",Alfred Hitchcock,"James Stewart, Kim Novak, Barbara Bel Geddes","A former San Francisco police detective juggles wrestling with his personal demons and becoming obsessed with the hauntingly beautiful woman he has been hired to trail, who may be deeply disturbed."
The Departed,2006,8.5,151 min,"Crime, Drama, Thriller",Martin Scorsese,"Leonardo DiCaprio, Matt Damon, Jack Nicholson",An undercover cop and a mole in the police attempt to identify each other while infiltrating an Irish gang in South Boston.
Good Will Hunting,1997,8.3,126 min,"Drama, Romance",Gus Van Sant,"Robin Williams, Matt Damon, Ben Affleck","A therapist counsels Will Hunting, a janitor with a genius IQ."
Casablanca,1942,8.5,102 min,"Drama, Romance, War",Michael Curtiz,"Humphrey Bogart, Ingrid Bergman, Paul Henreid",A cynical expatriate American cafe owner struggles to decide whether or not to help his former lover and her fugitive husband escape the Nazis in French Morocco.
My Hero Academia: Heroes Rising,2019,7.8,104 min,"Animation, Action, Adventure",Kenji Nagasaki,"Daiki Yamashita, Nobuhiko Okamoto, Yuka Terasaki","A group of youths aspiring to become professional superheroes, fight in a world full of people with abilities, also known as quirks. Deku and his fellow classmates from Hero Academy face Nine, the strongest villain yet."
The Kid,1921,8.2,68 min,"Comedy, Drama, Family",Charles Chaplin,"Charles Chaplin, Edna Purviance, Jackie Coogan","The Tramp cares for an abandoned child, but events put their relationship in jeopardy."
Persona,1966,8.0,83 min,"Drama, Thriller",Ingmar Bergman,"Bibi Andersson, Liv Ullmann, Margaretha Krook",A nurse is put in charge of a mute actress and finds that their personae are melding together.
Piper,2016,8.3,6 min,"Animation, Short, Family",Alan Barillaro,Bui Quoc Huy Steve,"A hungry sandpiper hatchling ventures from her nest for the first time to dig for food by the shoreline. The problem is, the food is buried in the sand where scary waves roll up."
Dune: Part Two,2024,8.5,166 min,"Action, Adventure, Drama",Denis Villeneuve,"Timothée Chalamet, Zendaya, Rebecca Ferguson","Paul Atreides unites with the Fremen while on a warpath of revenge against the conspirators who destroyed his family. Facing a choice between the love of his life and the fate of the universe, he endeavors to prevent a terrible fu..."
Hamilton,2020,8.3,160 min,"Biography, Drama, History",Thomas Kail,"Lin-Manuel Miranda, Phillipa Soo, Leslie Odom Jr.","The real life of one of America's foremost founding fathers and first Secretary of the Treasury, Alexander Hamilton. Captured live on Broadway from the Richard Rodgers Theater with the original Broadway cast."
The Truman Show,1998,8.2,103 min,"Comedy, Drama",Peter Weir,"Jim Carrey, Ed Harris, Laura Linney",An insurance salesman begins to suspect that his whole life is actually some sort of reality TV show.
Capernaum,2018,8.4,126 min,Drama,Nadine Labaki,"Zain Al Rafeea, Yordanos Shiferaw, Boluwatife Treasure Bankole","While serving a five-year sentence for a violent crime, a 12-year-old boy sues his parents for neglect."
Scenes from a Marriage,1974,8.3,169 min,Drama,Ingmar Bergman,"Liv Ullmann, Erland Josephson, Bibi Andersson","Chronicles the many years of love and turmoil that bind Marianne and Johan through matrimony, infidelity, divorce, and subsequent partners."
Singin' in the Rain,1952,8.3,103 min,"Comedy, Musical, Romance","Stanley Donen, Gene Kelly","Gene Kelly, Donald O'Connor, Debbie Reynolds",A silent film star falls for a chorus girl just as he and his delusionally jealous screen partner are trying to make the difficult transition to talking pictures in 1920s Hollywood.
Silenced,2011,8.0,125 min,"Crime, Drama, Thriller",Hwang Dong-hyuk,"Gong Yoo, Jung Yu-mi, Kim Hyeon-soo","Based on real events, this film depicts the story of a school for the hearing-impaired where young deaf students were sexually assaulted by the faculty members over a long period of time."
Togo,2019,7.9,113 min,"Adventure, Biography, Drama",Ericson Core,"Willem Dafoe, Julianne Nicholson, Christopher Heyerdahl","The story of Togo, the sled dog who led the 1925 serum run despite being considered too small and weak to lead such an intense race."
Central Station,1998,8.0,110 min,Drama,Walter Salles,"Fernanda Montenegro, Vinícius de Oliveira, Marília Pêra","The emotive journey of a former schoolteacher who writes letters for illiterate people, and a young boy whose mother has just died, as they search for the father he never knew."
Amici miei,1975,7.9,140 min,"Comedy, Drama",Mario Monicelli,"Ugo Tognazzi, Gastone Moschin, Philippe Noiret",Four inseparable friends try to face their midlife crisis with daytrips and pranks at the expense of their families and the people around them.
The Shop Around the Corner,1940,8.0,99 min,"Comedy, Drama, Romance",Ernst Lubitsch,"Margaret Sullavan, James Stewart, Frank Morgan","Two employees at a gift shop can barely stand each other, without realizing that they are falling in love through the post as each other's anonymous pen pal."
Joker,2019,8.3,122 min,"Crime, Drama, Thriller",Todd Phillips,"Joaquin Phoenix, Robert De Niro, Zazie Beetz","Arthur Fleck, a party clown and a failed stand-up comedian, leads an impoverished life with his ailing mother. However, when society shuns him and brands him as a freak, he decides to embrace the life of chaos in Gotham City."
Palmer,2021,7.3,110 min,Drama,Fisher Stevens,"Justin Timberlake, Juno Temple, Alisha Wainwright",An ex-convict strikes up a friendship with a boy from a troubled home.
Taxi Driver,1976,8.2,114 min,"Crime, Drama",Martin Scorsese,"Robert De Niro, Jodie Foster, Cybill Shepherd","A mentally unstable veteran works as a nighttime taxi driver in New York City, where the perceived decadence and sleaze fuels his urge for violent action."
8½,1963,8.0,138 min,Drama,Federico Fellini,"Marcello Mastroianni, Anouk Aimée, Claudia Cardinale",A harried movie director retreats into his memories and fantasies.
"Blood In, Blood Out",1993,7.9,180 min,"Biography, Crime, Drama",Taylor Hackford,"Damian Chapa, Jesse Borrego, Benjamin Bratt","Based on the true life experiences of poet Jimmy Santiago Baca, the film focuses on step-brothers Paco and Cruz, and their bi-racial cousin Miklo."
Violet Evergarden: Eternity and the Auto Memory Doll,2019,7.5,90 min,"Animation, Drama, Family",Haruka Fujita,"Yui Ishikawa, Minako Kotobuki, Aoi Yûki","Violet Evergarden, a former soldier returned from war, comes to teach at a women's academy and changes a young girl's life."
Terminator 2: Judgment Day,1991,8.6,137 min,"Action, Adventure, Sci-Fi",James Cameron,"Arnold Schwarzenegger, Linda Hamilton, Edward Furlong","A cyborg, identical to the one who failed to kill Sarah Connor, must now protect her ten year old son John from an even more advanced and powerful cyborg."
There's Still Tomorrow,2023,7.7,118 min,"Comedy, Drama",Paola Cortellesi,"Paola Cortellesi, Valerio Mastandrea, Romana Maggiora Vergano","Set in postwar 1940s Italy, it follows Delia breaking traditional family patterns and aspiring to a different future, after receiving a mysterious letter."
Full Metal Jacket,1987,8.2,116 min,"Drama, War",Stanley Kubrick,"Matthew Modine, R. Lee Ermey, Vincent D'Onofrio",A pragmatic U.S. Marine observes the dehumanizing effects the Vietnam War has on his fellow recruits from their brutal boot camp training to the bloody street fighting in Hue.
Jujutsu Kaisen 0,2021,7.8,112 min,"Animation, Action, Fantasy",Sunghoo Park,"Megumi Ogata, Kana Hanazawa, Yûichi Nakamura","The prequel to Jujutsu Kaisen (2020), where a high schooler gains control of an extremely powerful cursed spirit and gets enrolled in the Tokyo Prefectural Jujutsu High School by Jujutsu Sorcerers."
Reservoir Dogs,1992,8.3,99 min,"Crime, Thriller",Quentin Tarantino,"Harvey Keitel, Tim Roth, Michael Madsen","When a simple jewelry heist goes horribly wrong, the surviving criminals begin to suspect that one of them is a police informant."
Dr. Strangelove or: How I Learned to Stop Worrying and Love the Bomb,1964,8.3,95 min,"Comedy, War",Stanley Kubrick,"Peter Sellers, George C. Scott, Sterling Hayden","A mentally unstable American general orders a hydrogen bomb attack on the Soviet Union, triggering a path to global nuclear holocaust that a war room full of politicians and generals frantically tries to stop."
Wonder,2017,7.9,113 min,"Drama, Family",Stephen Chbosky,"Jacob Tremblay, Owen Wilson, Izabela Vidovic","Based on the New York Times bestseller, this movie tells the incredibly inspiring and heartwarming story of August Pullman, a boy with facial differences who enters the fifth grade, attending a mainstream elementary school for the..."
Zack Snyder's Justice League,2021,7.9,242 min,"Action, Adventure, Fantasy",Zack Snyder,"Henry Cavill, Ben Affleck, Gal Gadot","Determined to ensure that Superman's ultimate sacrifice wasn't in vain, Bruce Wayne recruits a team of metahumans to protect the world from an approaching threat of catastrophic proportions."
Better Days,2019,7.6,135 min,"Crime, Drama, Romance",Derek Tsang,"Dongyu Zhou, Jackson Yee, Fang Yin","While she copes with the pressures of her final examinations, a bullied teenage girl forms an unlikely friendship with a mysterious young man who protects her from her assailants."
Red Beard,1965,8.3,185 min,Drama,Akira Kurosawa,"Toshirô Mifune, Yûzô Kayama, Tsutomu Yamazaki","In 19th-century Japan, a rough-tempered yet charitable town doctor trains a young intern."
Stalker,1979,8.0,162 min,"Drama, Sci-Fi",Andrei Tarkovsky,"Alisa Freyndlikh, Aleksandr Kaydanovskiy, Anatoliy Solonitsyn",A guide leads two men through an area known as the Zone to find a room that grants wishes.
Stalker,1979,8.0,162 min,"Drama, Sci-Fi",Andrei Tarkovsky,"Alisa Freyndlikh, Aleksandr Kaydanovskiy, Anatoliy Solonitsyn",A guide leads two men through an area known as the Zone to find a room that grants wishes.
Call Me by Your Name,2017,7.8,132 min,"Drama, Romance",Luca Guadagnino,"Timothée Chalamet, Armie Hammer, Michael Stuhlbarg","It's the summer of 1983, and 17-year-old Elio is spending the days with his family at their villa in Lombardy, Italy. He soon meets Oliver, who's working as an intern for Elio's father. They discover the heady beauty of awakening ..."
Portrait of a Lady on Fire,2019,8.1,122 min,"Drama, Romance",Céline Sciamma,"Noémie Merlant, Adèle Haenel, Luàna Bajrami","On an isolated island in Brittany at the end of the eighteenth century, a female painter is obliged to paint a wedding portrait of a young woman."
The Father,2020,8.2,97 min,"Drama, Mystery",Florian Zeller,"Anthony Hopkins, Olivia Colman, Mark Gatiss","A man refuses all assistance from his daughter as he ages. When he tries to understand what is happening around him, he begins to doubt his loved ones, his own mind and even the fabric of his reality."
"Lock, Stock and Two Smoking Barrels",1998,8.1,107 min,"Comedy, Crime",Guy Ritchie,"Jason Flemyng, Dexter Fletcher, Nick Moran","When four small-time criminals lose a rigged poker game against a London kingpin, he gives them one week to settle their enormous debt."
Double Indemnity,1944,8.3,107 min,"Crime, Drama, Film-Noir",Billy Wilder,"Fred MacMurray, Barbara Stanwyck, Edward G. Robinson","An insurance representative is seduced by a dissatisfied housewife into a scheme of insurance fraud and murder that arouses the suspicion of his colleague, a claims investigator."
Soul,2020,8.0,100 min,"Animation, Adventure, Comedy","Pete Docter, Kemp Powers","Jamie Foxx, Tina Fey, Graham Norton","Joe is a middle-school band teacher whose life hasn't quite gone the way he expected. His true passion is jazz. But when he travels to another realm to help someone find their passion, he soon discovers what it means to have soul."
"I corti di Aldo, Giovanni & Giacomo",1996,8.2,130 min,Comedy,Francesco Vicario,"Aldo Baglio, Giovanni Storti, Giacomo Poretti, Marina Massironi","The first theatrical show featuring the trio of comedians Aldo, Giovanni and Giacomo, with the participation of Marina Massironi."
Wild Strawberries,1957,8.1,92 min,"Drama, Romance",Ingmar Bergman,"Victor Sjöström, Bibi Andersson, Ingrid Thulin","After living a life marked by coldness, an aging professor is forced to confront the emptiness of his existence."
Metropolis,1927,8.3,153 min,"Drama, Sci-Fi",Fritz Lang,"Brigitte Helm, Alfred Abel, Gustav Fröhlich","In a futuristic city sharply divided between the working class and the city planners, the son of the city's mastermind falls in love with a working-class prophet who predicts the coming of a savior to mediate their differences."
Big Deal on Madonna Street,1958,7.9,106 min,"Comedy, Crime",Mario Monicelli,"Vittorio Gassman, Marcello Mastroianni, Renato Salvatori",A motley quintet of inept small-time thieves attempt the burglary of a local pawnshop in this Italian farce.
In the Mood for Love,2000,8.1,98 min,"Drama, Romance",Wong Kar-Wai,"Tony Leung Chiu-wai, Maggie Cheung, Ping-Lam Siu","Two neighbors form a strong bond after both suspect extramarital activities of their spouses. However, they agree to keep their bond platonic so as not to commit similar wrongs."
The Great War,1959,8.1,137 min,"Comedy, Drama, War",Mario Monicelli,"Alberto Sordi, Vittorio Gassman, Bernard Blier",The Italian Army fought against the Austrians during World War I.
WALL·E,2008,8.4,98 min,"Animation, Adventure, Family",Andrew Stanton,"Ben Burtt, Elissa Knight, Jeff Garlin","A robot who is responsible for cleaning a waste-covered Earth meets another robot and falls in love with her. Together, they set out on a journey that will alter the fate of mankind."
Green Snake,2021,6.8,131 min,"Animation, Action, Adventure",Amp Wong,"Xiaoxi Tang, Fuzheng Zhang, Islam Abdelbadia",Animated adaptation of the classic Chinese folktale. Sequel to the 2019 film 'White Snake'.
Mortal Kombat Legends: Scorpion's Revenge,2020,7.4,80 min,"Animation, Action, Adventure",Ethan Spaulding,"Jennifer Carpenter, Joel McHale, Ike Amadi",Hanzo Hasashi loses his family during an attack by a rival clan the Lin Kuei. He is given the chance to compete in an inter-dimensional tournament to save his loved ones while other fighters try to save the Earth realm from annihi...
Prisoners,2013,8.2,153 min,"Crime, Drama, Mystery",Denis Villeneuve,"Hugh Jackman, Jake Gyllenhaal, Viola Davis",A desperate father takes the law into his own hands after police fail to find two kidnapped girls.
The Invisible Guest,2016,8.0,106 min,"Crime, Drama, Mystery",Oriol Paulo,"Mario Casas, Ana Wagener, Jose Coronado","A young businessman wakes up in a hotel room locked from the inside with the dead body of his lover next to him. He hires a prestigious lawyer, and over one night they work together to clarify what happened in a frenetic race agai..."
Yojimbo,1961,8.2,110 min,"Action, Drama, Thriller",Akira Kurosawa,"Toshirô Mifune, Eijirô Tôno, Tatsuya Nakadai",A crafty ronin comes to a town divided by two criminal gangs and decides to play them against each other to free the town.
The Best of Youth,2003,8.5,374 min,"Drama, Romance",Marco Tullio Giordana,"Luigi Lo Cascio, Alessio Boni, Jasmine Trinca",An Italian epic that follows the lives of two brothers from the 1960s to the 2000s.
"Paris, Texas",1984,8.1,145 min,Drama,Wim Wenders,"Harry Dean Stanton, Nastassja Kinski, Dean Stockwell","Travis Henderson, an aimless drifter who has been missing for four years, wanders out of the desert and must reconnect with society, himself, his life, and his family."
Some Like It Hot,1959,8.2,121 min,"Comedy, Music, Romance",Billy Wilder,"Marilyn Monroe, Tony Curtis, Jack Lemmon","After two male musicians witness a mob hit, they flee the state in an all-female band disguised as women, but further complications set in."
Incendies,2010,8.3,131 min,"Drama, Mystery, War",Denis Villeneuve,"Lubna Azabal, Mélissa Désormeaux-Poulin, Maxim Gaudette",Twins journey to the Middle East to discover their family history and fulfill their mother's last wishes.
The Hate U Give,2018,7.5,133 min,"Crime, Drama",George Tillman Jr.,"Amandla Stenberg, Regina Hall, Russell Hornsby","Starr witnesses the fatal shooting of her childhood best friend Khalil at the hands of a police officer. Now, facing pressure from all sides of the community, Starr must find her voice and stand up for what's right."
The Hunt,2012,8.3,115 min,Drama,Thomas Vinterberg,"Mads Mikkelsen, Thomas Bo Larsen, Annika Wedderkopp","A teacher lives a lonely life, all the while struggling over his son's custody. His life slowly gets better as he finds love and receives good news from his son, but his new luck is about to be brutally shattered by an innocent li..."
Children of Paradise,1945,8.3,189 min,"Drama, Romance",Marcel Carné,"Arletty, Jean-Louis Barrault, Pierre Brasseur",The theatrical life of a beautiful courtesan in 1830s Paris and the four men who love her.
Eternal Sunshine of the Spotless Mind,2004,8.3,108 min,"Drama, Romance, Sci-Fi",Michel Gondry,"Jim Carrey, Kate Winslet, Tom Wilkinson","When their relationship turns sour, a couple undergoes a medical procedure to have each other erased from their memories forever."
Sansho the Bailiff,1954,8.4,124 min,Drama,Kenji Mizoguchi,"Kinuyo Tanaka, Yoshiaki Hanayagi, Kyôko Kagawa","In medieval Japan, a compassionate governor is sent into exile. His wife and children try to join him, but are separated, and the children grow up amid suffering and oppression."
"Miraculous World: New York, United Heroez",2020,7.3,52 min,"Animation, Action, Adventure",Thomas Astruc,"Cristina Valenzuela, Bryce Papenbrook, Keith Silverstein","Marinette's class is headed to New York, the city of superheroes, for French American Friendship Week, but the American superheroes may find themselves in need of help while there."
Harry Potter and the Deathly Hallows: Part 2,2011,8.1,130 min,"Adventure, Family, Fantasy",David Yates,"Daniel Radcliffe, Emma Watson, Rupert Grint","As the battle between the forces of good and evil in the wizarding world escalates, Harry Potter draws ever closer to his final confrontation with Voldemort."
La haine,1995,8.1,98 min,"Crime, Drama",Mathieu Kassovitz,"Vincent Cassel, Hubert Koundé, Saïd Taghmaoui",24 hours in the lives of three young men in the French suburbs the day after a violent riot.
Das Boot,1981,8.4,149 min,"Drama, War",Wolfgang Petersen,"Jürgen Prochnow, Herbert Grönemeyer, Klaus Wennemann",A German U-boat stalks the frigid waters of the North Atlantic as its young crew experience the sheer terror and claustrophobic life of a submariner in World War II.
Purple Hearts,2022,6.7,122 min,"Drama, Music, Romance",Elizabeth Allen Rosenbaum,"Sofia Carson, Nicholas Galitzine, Chosen Jacobs","In spite of their many differences, Cassie, a struggling singer-songwriter, and Luke, a troubled Marine, agree to marry solely for military benefits, but when tragedy strikes, the line between real and pretend begins to blur."
The Tale of The Princess Kaguya,2013,8.0,137 min,"Animation, Drama, Family",Isao Takahata,"Chloë Grace Moretz, James Caan, Mary Steenburgen","Kaguya is a beautiful young woman coveted by five nobles. To try to avoid marrying a stranger she doesn't love, she sends her suitors on seemingly impossible tasks. But she will have to face her fate and punishment for her choices."
Memoir of a Snail,2024,7.8,95 min,"Animation, Drama",Adam Elliot,"Jacki Weaver, Sarah Snook, Charlotte Belsey","A bittersweet memoir of a melancholic woman called Grace Pudel - a hoarder of snails, romance novels, and guinea pigs."
All About Eve,1950,8.2,138 min,Drama,Joseph L. Mankiewicz,"Bette Davis, Anne Baxter, George Sanders",A seemingly timid but secretly ruthless ingénue insinuates herself into the lives of an aging Broadway star and her circle of theater friends.
Far from the Tree,2021,7.5,7 min,"Animation, Short, Adventure",Natalie Nourigat,N/A,Curiosity gets the better of a young raccoon whose frustrated parent attempts to keep them both safe.
Transformers One,2024,7.6,104 min,"Animation, Action, Adventure",Josh Cooley,"Chris Hemsworth, Brian Tyree Henry, Scarlett Johansson","The untold origin story of Optimus Prime and Megatron, better known as sworn enemies, but who once were friends bonded like brothers who changed the fate of Cybertron forever."
Along With the Gods: The Two Worlds,2017,7.2,139 min,"Action, Adventure, Drama",Kim Yong-hwa,"Ha Jung-woo, Cha Tae-hyun, Ju Ji-hoon","After a heroic death, a firefighter navigates the afterlife with the help of three guides."
M,1931,8.3,99 min,"Crime, Mystery, Thriller",Fritz Lang,"Peter Lorre, Ellen Widmann, Inge Landgut","When the police in a German city are unable to catch a child-murderer, other criminals join in the manhunt."
M,1931,8.3,99 min,"Crime, Mystery, Thriller",Fritz Lang,"Peter Lorre, Ellen Widmann, Inge Landgut","When the police in a German city are unable to catch a child-murderer, other criminals join in the manhunt."
Along With the Gods: The Two Worlds,2017,7.2,139 min,"Action, Adventure, Drama",Kim Yong-hwa,"Ha Jung-woo, Cha Tae-hyun, Ju Ji-hoon","After a heroic death, a firefighter navigates the afterlife with the help of three guides."
Konosuba!: God's Blessing on This Wonderful World! - Legend of Crimson,2019,7.8,90 min,"Animation, Action, Adventure",Takaomi Kanasaki,"Jun Fukushima, Sora Amamiya, Rie Takahashi","Kazuma's party is suddenly alerted by an outrageous letter delivered by Yunyun. The letter requested that they come to the Crimson Demon Clan's village, that is facing a threat that could mean it's ending."
There Will Be Blood,2007,8.2,158 min,Drama,Paul Thomas Anderson,"Daniel Day-Lewis, Paul Dano, Ciarán Hinds","A story of family, religion, hatred, oil and madness, focusing on a turn-of-the-century prospector in the early days of the business."
My Neighbor Totoro,1988,8.1,86 min,"Animation, Comedy, Family",Hayao Miyazaki,"Hitoshi Takagi, Noriko Hidaka, Chika Sakamoto","When two girls move to the country to be near their ailing mother, they have adventures with the wondrous forest spirits who live nearby."
The Thing,1982,8.2,109 min,"Horror, Mystery, Sci-Fi",John Carpenter,"Kurt Russell, Wilford Brimley, Keith David",A research team in Antarctica is hunted by a shape-shifting alien that assumes the appearance of its victims.
La Dolce Vita,1960,8.0,174 min,"Comedy, Drama",Federico Fellini,"Marcello Mastroianni, Anita Ekberg, Anouk Aimée",A series of stories following a week in the life of a philandering tabloid journalist living in Rome.
"Three Billboards Outside Ebbing, Missouri",2017,8.1,115 min,"Comedy, Crime, Drama",Martin McDonagh,"Frances McDormand, Woody Harrelson, Sam Rockwell",A mother personally challenges the local authorities to solve her daughter's murder when they fail to catch the culprit.
To Live,1994,8.3,133 min,"Drama, War",Yimou Zhang,"You Ge, Gong Li, Ben Niu","After Fugui and Jiazhen lose their personal fortunes, they raise a family and survive difficult cultural changes during 1940s to 1970s China."
2001: A Space Odyssey,1968,8.3,149 min,"Adventure, Sci-Fi",Stanley Kubrick,"Keir Dullea, Gary Lockwood, William Sylvester","When a mysterious artifact is uncovered on the Moon, a spacecraft manned by two humans and one supercomputer is sent to Jupiter to find its origins."
Pride & Prejudice,2005,7.8,129 min,"Drama, Romance",Joe Wright,"Keira Knightley, Matthew Macfadyen, Brenda Blethyn","When Elizabeth Bennet meets the handsome Mr. Darcy, she believes he is the last man she could ever marry, but as their lives become intertwined, she finds herself captivated by the man she has sworn to hate forever."
A Taxi Driver,2017,7.9,137 min,"Action, Drama, History",Hun Jang,"Song Kang-ho, Thomas Kretschmann, Yoo Hae-jin","A widowed father and taxi driver who drives a German reporter from Seoul to Gwangju to cover the 1980 uprising, soon finds himself regretting his decision after being caught in the violence around him."
Prayers for Bobby,2009,8.0,90 min,"Biography, Drama, Romance",Russell Mulcahy,"Sigourney Weaver, Henry Czerny, Ryan Kelley","True story of Mary Griffith, gay rights crusader, whose teenage son committed suicide due to her religious intolerance. Based on the book of the same title by Leroy Aarons."
Memories of Murder,2003,8.1,132 min,"Crime, Drama, Mystery",Bong Joon Ho,"Song Kang-ho, Kim Sang-kyung, Kim Roe-ha","In a small Korean province in 1986, two detectives struggle with the case of multiple young women being found raped and murdered by an unknown culprit."
Oppenheimer,2023,8.3,180 min,"Biography, Drama, History",Christopher Nolan,"Cillian Murphy, Emily Blunt, Matt Damon","A dramatization of the life story of J. Robert Oppenheimer, the physicist who had a large hand in the development of the atomic bombs that brought an end to World War II."
Guillermo del Toro's Pinocchio,2022,7.6,117 min,"Animation, Adventure, Drama","Guillermo del Toro, Mark Gustafson","Ewan McGregor, David Bradley, Gregory Mann","A father's wish magically brings a wooden boy to life in Italy, giving him a chance to care for the child."
Rashomon,1950,8.2,88 min,"Crime, Drama, Mystery",Akira Kurosawa,"Toshirô Mifune, Machiko Kyô, Masayuki Mori","The rape of a bride and the murder of her samurai husband are recalled from the perspectives of a bandit, the bride, the samurai's ghost and a woodcutter."
Sherlock Jr.,1924,8.2,45 min,"Action, Comedy, Romance",Buster Keaton,"Buster Keaton, Kathryn McGuire, Joe Keaton","A film projectionist longs to be a detective, and puts his meagre skills to work when he is framed by a rival for stealing his girlfriend's father's pocketwatch."
A Dog's Journey,2019,7.4,109 min,"Adventure, Comedy, Drama",Gail Mancuso,"Josh Gad, Dennis Quaid, Kathryn Prescott",A dog finds the meaning of his own existence through the lives of the humans he meets.
Elite Squad,2007,8.0,115 min,"Action, Crime, Drama",José Padilha,"Wagner Moura, André Ramiro, Caio Junqueira","In 1997 Rio de Janeiro, Captain Nascimento has to find a substitute for his position while trying to take down drug dealers and criminals before the Pope visits."
Believe Me: The Abduction of Lisa McVey,2018,7.2,87 min,"Biography, Crime, Drama",Jim Donovan,"Katie Douglas, Leo Petrus, Jamie Robinson","On the night she plans to take her own life, a 17-year-old girl is kidnapped and finds herself fighting to stay alive. She is released, but when she returns home, no one believes her story except for one detective."
Hidden Figures,2016,7.8,127 min,"Biography, Drama, History",Theodore Melfi,"Taraji P. Henson, Octavia Spencer, Janelle Monáe",Three female African-American mathematicians play a pivotal role in astronaut John Glenn's launch into orbit while dealing with racial and gender discrimination.
Ran,1985,8.2,160 min,"Action, Drama, War",Akira Kurosawa,"Tatsuya Nakadai, Akira Terao, Jinpachi Nezu","In Medieval Japan, an elderly warlord retires, handing over his empire to his three sons. However, he vastly underestimates how the new-found power will corrupt them and cause them to turn on each other...and him."
Bo Burnham: Make Happy,2016,8.3,60 min,"Comedy, Music","Bo Burnham, Christopher Storer",Bo Burnham,"Bo Burnham tackles life, death, sexuality, hypocrisy, mental illness and Pringles cans in his dazzling new stand-up special."
The Elephant Man,1980,8.2,124 min,"Biography, Drama",David Lynch,"Anthony Hopkins, John Hurt, Anne Bancroft","A Victorian surgeon rescues a heavily disfigured man who is mistreated while scraping a living as a side-show freak. Behind his monstrous façade, there is revealed a person of kindness, intelligence and sophistication."
The Young and the Damned,1950,8.2,80 min,"Crime, Drama",Luis Buñuel,"Alfonso Mejía, Roberto Cobo, Estela Inda","A group of juvenile delinquents live a violent and crime-filled life in the festering slums of Mexico City, as the morals of young Pedro are gradually corrupted and destroyed by the others."
Lion,2016,8.0,118 min,"Biography, Drama",Garth Davis,"Dev Patel, Nicole Kidman, Rooney Mara","A five-year-old Indian boy is adopted by an Australian couple after getting lost hundreds of kilometers from home. 25 years later, he sets out to find his lost family."
Me contro Te - Il film: La vendetta del Signor S,2020,1.6,64 min,"Comedy, Family",Gianluca Leuzzi,"Sofia Scalia, Luigi Calagna, Michele Savoia","Luì and Sofì fight the terrible Signor S once again, this time he will be revealed to the public!!!"
A Special Day,1977,8.1,103 min,Drama,Ettore Scola,"Sophia Loren, Marcello Mastroianni, John Vernon","Two neighbors, a persecuted journalist and a resigned housewife, meet during Hitler's visit to Italy in May 1938."
Ayla: The Daughter of War,2017,8.2,125 min,"Biography, Drama, History",Can Ulkay,"Çetin Tekindor, Ismail Hacioglu, Lee Kyung-jin","Sergeant Süleyman finds a little girl on a battlefield during the Korean War. He takes her and names her Ayla. Fifteen months later, Süleyman's brigade is told they will be returning to Turkey, and he is reluctant to leave her beh..."
The Grand Budapest Hotel,2014,8.1,99 min,"Comedy, Drama",Wes Anderson,"Ralph Fiennes, F. Murray Abraham, Mathieu Amalric","A writer encounters the owner of an aging high-class hotel, who tells him of his early years serving as a lobby boy in the hotel's glorious years under an exceptional concierge."
My Name Is Khan,2010,7.9,165 min,"Drama, Romance",Karan Johar,"Shah Rukh Khan, Kajol, Sheetal Menon","Rizwan Khan is a Muslim immigrant to the US with Asperger's syndrome. After his family falls apart in the aftermath of 9/11, he begins an epic quest across the country to speak to the President of the United States and clear his n..."
The Lives of Others,2006,8.4,137 min,"Drama, Mystery, Thriller",Florian Henckel von Donnersmarck,"Ulrich Mühe, Martina Gedeck, Sebastian Koch","In 1984 East Berlin, an agent of the secret police conducting surveillance on a writer and his lover finds himself becoming increasingly absorbed by their lives."
Bo Burnham: Inside,2021,8.6,87 min,"Documentary, Comedy, Drama",Bo Burnham,Bo Burnham,"A musical comedy special shot and performed by Bo Burnham, alone, over the course of a very unusual year."
How to Train Your Dragon: Homecoming,2019,7.3,22 min,"Animation, Action, Adventure",Tim Johnson,"Jay Baruchel, America Ferrera, Craig Ferguson",Hiccup and Toothless reunite to remind both their kinds of the inseparable bond between vikings and dragons.
On My Skin: The Last Seven Days of Stefano Cucchi,2018,7.3,100 min,"Biography, Drama",Alessio Cremonini,"Alessandro Borghi, Massimiliano Tortora, Milvia Marigliano","The incredible true story behind the most controversial Italian court cases in recent years. Stefano Cucchi was arrested for a minor crime but in just one week's time, a family is changed forever."
Paper Lives,2021,6.6,96 min,Drama,Can Ulkay,"Çagatay Ulusoy, Emir Ali Dogrul, Ersin Arici","Mehmet is a cherished fellow who runs the solid waste warehouse in the neighborhood, he helps everyone in need, especially homeless children and teenagers since he was one too."
The Second Mother,2015,7.8,112 min,"Comedy, Drama",Anna Muylaert,"Regina Casé, Helena Albergaria, Michel Joelsas","When the estranged daughter of a hard-working live-in housekeeper suddenly appears, the unspoken class barriers that exist within the home are thrown into disarray."
The Wolf of Wall Street,2013,8.2,180 min,"Biography, Comedy, Crime",Martin Scorsese,"Leonardo DiCaprio, Jonah Hill, Margot Robbie","Based on the true story of Jordan Belfort, from his rise to a wealthy stock-broker living the high life to his fall involving crime, corruption and the federal government."
Judgment at Nuremberg,1961,8.3,179 min,"Drama, War",Stanley Kramer,"Spencer Tracy, Burt Lancaster, Richard Widmark","Fictionalized depiction of the 1947 Judges' Trial, the third of twelve trials of Nazi war criminals conducted by the American occupying forces in Nuremberg, Germany, in which former judges of Nazi Germany were tried for their acti..."
